{"cameraMode":{"drawMode":0,"name":"Shaded","section":"Shading Mode"},"sceneLighting":false,"audioPlay":false,"sceneViewState":{"showFog":true,"showMaterialUpdate":false,"showSkybox":true,"showFlares":true,"showImageEffects":true,"showParticleSystems":true},"in2DMode":false,"pivot":{"x":-0.09940750896930695,"y":0.002293407917022705,"z":-0.00496993213891983},"rotation":{"x":-0.0001315588888246566,"y":0.9998556971549988,"z":-0.01439696829766035,"w":-0.009018252603709698},"size":1.3073841333389283,"orthographic":true}