{"cameraMode":{"drawMode":0,"name":"Shaded","section":"Shading Mode"},"sceneLighting":false,"audioPlay":false,"sceneViewState":{"showFog":true,"showMaterialUpdate":false,"showSkybox":true,"showFlares":true,"showImageEffects":true,"showParticleSystems":true},"in2DMode":false,"pivot":{"x":2.168914318084717,"y":-2.5149996280670168,"z":-21.008220672607423},"rotation":{"x":-0.2584092617034912,"y":0.13423055410385133,"z":-0.03628375753760338,"w":-0.955976128578186},"size":18.036930084228517,"orthographic":false}