{"cameraMode":{"drawMode":0,"name":"Shaded","section":"Shading Mode"},"sceneLighting":false,"audioPlay":false,"sceneViewState":{"showFog":true,"showMaterialUpdate":false,"showSkybox":true,"showFlares":true,"showImageEffects":true,"showParticleSystems":true},"in2DMode":false,"pivot":{"x":-4.106411933898926,"y":-4.872557640075684,"z":-22.415157318115236},"rotation":{"x":0.329684317111969,"y":0.26165124773979189,"z":-0.09563074260950089,"w":0.9020540714263916},"size":15.932795524597168,"orthographic":false}