{"cameraMode":{"drawMode":0,"name":"Shaded","section":"Shading Mode"},"sceneLighting":false,"audioPlay":false,"sceneViewState":{"showFog":true,"showMaterialUpdate":false,"showSkybox":true,"showFlares":true,"showImageEffects":true,"showParticleSystems":true},"in2DMode":false,"pivot":{"x":-7.414191246032715,"y":-3.999181032180786,"z":-23.849609375},"rotation":{"x":-0.3318665325641632,"y":-0.4127776026725769,"z":0.16462987661361695,"w":-0.8320915102958679},"size":4.401865482330322,"orthographic":false}