{"cameraMode":{"drawMode":0,"name":"Shaded","section":"Shading Mode"},"sceneLighting":false,"audioPlay":false,"sceneViewState":{"showFog":true,"showMaterialUpdate":false,"showSkybox":true,"showFlares":true,"showImageEffects":true,"showParticleSystems":true},"in2DMode":false,"pivot":{"x":6.608496189117432,"y":-6.333116054534912,"z":-22.603548049926759},"rotation":{"x":-0.14010977745056153,"y":-0.6721422672271729,"z":0.13170810043811799,"w":-0.7150154709815979},"size":12.539957046508789,"orthographic":false}