{"cameraMode":{"drawMode":0,"name":"Shaded","section":"Shading Mode"},"sceneLighting":false,"audioPlay":false,"sceneViewState":{"showFog":true,"showMaterialUpdate":false,"showSkybox":true,"showFlares":true,"showImageEffects":true,"showParticleSystems":true},"in2DMode":false,"pivot":{"x":-130.89999389648438,"y":1.169492244720459,"z":0.0},"rotation":{"x":0.3030035197734833,"y":0.14113551378250123,"z":-0.04542916640639305,"w":0.9413850903511047},"size":15.734342575073243,"orthographic":false}