{"cameraMode":{"drawMode":0,"name":"Shaded","section":"Shading Mode"},"sceneLighting":false,"audioPlay":false,"sceneViewState":{"showFog":true,"showMaterialUpdate":false,"showSkybox":true,"showFlares":true,"showImageEffects":true,"showParticleSystems":true},"in2DMode":false,"pivot":{"x":26.867225646972658,"y":9.145952224731446,"z":3.649909496307373},"rotation":{"x":0.1793895661830902,"y":-0.5926216840744019,"z":0.13750973343849183,"w":0.7731171250343323},"size":40.40216064453125,"orthographic":true}