{"cameraMode":{"drawMode":0,"name":"Shaded","section":"Shading Mode"},"sceneLighting":false,"audioPlay":false,"sceneViewState":{"showFog":true,"showMaterialUpdate":false,"showSkybox":true,"showFlares":true,"showImageEffects":true,"showParticleSystems":true},"in2DMode":false,"pivot":{"x":-6.038369178771973,"y":-5.007137775421143,"z":-22.556800842285158},"rotation":{"x":0.3769884407520294,"y":0.38209089636802676,"z":-0.17449437081813813,"w":0.8254926800727844},"size":10.608476638793946,"orthographic":true}