{"cameraMode":{"drawMode":0,"name":"Shaded","section":"Shading Mode"},"sceneLighting":false,"audioPlay":false,"sceneViewState":{"showFog":true,"showMaterialUpdate":false,"showSkybox":true,"showFlares":true,"showImageEffects":true,"showParticleSystems":true},"in2DMode":false,"pivot":{"x":-46.154544830322269,"y":61.117042541503909,"z":-105.44851684570313},"rotation":{"x":0.5986388325691223,"y":0.2765851318836212,"z":-0.23150180280208589,"w":0.7152196764945984},"size":8.719592094421387,"orthographic":true}