{"cameraMode":{"drawMode":0,"name":"Shaded","section":"Shading Mode"},"sceneLighting":false,"audioPlay":false,"sceneViewState":{"showFog":true,"showMaterialUpdate":false,"showSkybox":true,"showFlares":true,"showImageEffects":true,"showParticleSystems":true},"in2DMode":false,"pivot":{"x":3.2234020233154299,"y":-4.063811302185059,"z":-21.52825164794922},"rotation":{"x":0.5457554459571838,"y":-0.021362345665693284,"z":0.013919360004365445,"w":0.8375565409660339},"size":21.925994873046876,"orthographic":false}