{"cameraMode":{"drawMode":0,"name":"Shaded","section":"Shading Mode"},"sceneLighting":false,"audioPlay":false,"sceneViewState":{"showFog":true,"showMaterialUpdate":false,"showSkybox":true,"showFlares":true,"showImageEffects":true,"showParticleSystems":true},"in2DMode":false,"pivot":{"x":-7.2488837242126469,"y":-8.473260879516602,"z":-23.345518112182618},"rotation":{"x":-0.4560151696205139,"y":-0.07805118709802628,"z":0.04018973931670189,"w":-0.8856314420700073},"size":7.689821720123291,"orthographic":true}