{"cameraMode":{"drawMode":0,"name":"Shaded","section":"Shading Mode"},"sceneLighting":false,"audioPlay":false,"sceneViewState":{"showFog":true,"showMaterialUpdate":false,"showSkybox":true,"showFlares":true,"showImageEffects":true,"showParticleSystems":true},"in2DMode":false,"pivot":{"x":6.838332176208496,"y":-3.5708484649658205,"z":-21.76810646057129},"rotation":{"x":0.04128897935152054,"y":0.6796888709068298,"z":-0.03837554156780243,"w":0.731331467628479},"size":11.88536548614502,"orthographic":false}