{"cameraMode":{"drawMode":0,"name":"Shaded","section":"Shading Mode"},"sceneLighting":false,"audioPlay":false,"sceneViewState":{"showFog":true,"showMaterialUpdate":false,"showSkybox":true,"showFlares":true,"showImageEffects":true,"showParticleSystems":true},"in2DMode":false,"pivot":{"x":-5.249743461608887,"y":-25.190444946289064,"z":-26.541818618774415},"rotation":{"x":-0.4656641185283661,"y":-0.018581664189696313,"z":0.009780407883226872,"w":-0.8847124576568604},"size":42.47229766845703,"orthographic":false}