{"cameraMode":{"drawMode":0,"name":"Shaded","section":"Shading Mode"},"sceneLighting":false,"audioPlay":false,"sceneViewState":{"showFog":true,"showMaterialUpdate":false,"showSkybox":true,"showFlares":true,"showImageEffects":true,"showParticleSystems":true},"in2DMode":false,"pivot":{"x":-13.277788162231446,"y":9.878011703491211,"z":-1.5787001848220826},"rotation":{"x":0.799452006816864,"y":0.0028913526330143215,"z":-0.003850852372124791,"w":0.6007106304168701},"size":44.11125564575195,"orthographic":true}