{"cameraMode":{"drawMode":0,"name":"Shaded","section":"Shading Mode"},"sceneLighting":false,"audioPlay":false,"sceneViewState":{"showFog":true,"showMaterialUpdate":false,"showSkybox":true,"showFlares":true,"showImageEffects":true,"showParticleSystems":true},"in2DMode":false,"pivot":{"x":-6.4911208152771,"y":4.240636825561523,"z":-23.080228805541993},"rotation":{"x":-0.48948758840560915,"y":-6.096200877436786e-7,"z":8.917651825868234e-7,"w":-0.8720102906227112},"size":23.806289672851564,"orthographic":false}