{"cameraMode":{"drawMode":0,"name":"Shaded","section":"Shading Mode"},"sceneLighting":false,"audioPlay":false,"sceneViewState":{"showFog":true,"showMaterialUpdate":false,"showSkybox":true,"showFlares":true,"showImageEffects":true,"showParticleSystems":true},"in2DMode":false,"pivot":{"x":6.260834217071533,"y":-6.057644844055176,"z":-22.71670150756836},"rotation":{"x":-0.5975714921951294,"y":-0.07190342992544174,"z":0.05392787978053093,"w":-0.7967621088027954},"size":13.628600120544434,"orthographic":false}