{"cameraMode":{"drawMode":0,"name":"Shaded","section":"Shading Mode"},"sceneLighting":false,"audioPlay":false,"sceneViewState":{"showFog":true,"showMaterialUpdate":false,"showSkybox":true,"showFlares":true,"showImageEffects":true,"showParticleSystems":true},"in2DMode":false,"pivot":{"x":-0.3939661979675293,"y":9.439483642578125,"z":-36.087039947509769},"rotation":{"x":0.3030035197734833,"y":0.14113551378250123,"z":-0.04542916640639305,"w":0.9413850903511047},"size":22.0,"orthographic":false}