{"cameraMode":{"drawMode":0,"name":"Shaded","section":"Shading Mode"},"sceneLighting":false,"audioPlay":false,"sceneViewState":{"showFog":true,"showMaterialUpdate":false,"showSkybox":true,"showFlares":true,"showImageEffects":true,"showParticleSystems":true},"in2DMode":false,"pivot":{"x":7.5447282791137699,"y":-4.645082950592041,"z":-22.092567443847658},"rotation":{"x":0.3675794005393982,"y":0.6032594442367554,"z":-0.36605387926101687,"w":0.6057788729667664},"size":11.437775611877442,"orthographic":true}